{
  "merchant_fraud_rate": {
    "electronics": 0.021016949152542375,
    "entertainment": 0.01768172888015717,
    "fuel": 0.012692050768203072,
    "grocery": 0.02330097087378641,
    "healthcare": 0.02217741935483871,
    "jewellery": 0.020435967302452316,
    "online_retail": 0.018691588785046728,
    "restaurant": 0.011089367253750815,
    "travel": 0.015251989389920425,
    "utilities": 0.01574264202600958
  },
  "country_fraud_rate": {
    "AE": 0.13805970149253732,
    "AU": 0.0,
    "CA": 0.0,
    "DE": 0.0,
    "FR": 0.0,
    "GB": 0.13934426229508196,
    "IN": 0.008395522388059701,
    "JP": 0.0,
    "SG": 0.16382252559726962,
    "US": 0.1646090534979424
  },
  "pos_dummies_columns": [
    "pos_CNP",
    "pos_SWIPE"
  ]
}